﻿{"inkVersion":20,"root":[["ev","str","^Bird","/str","str","^cheep","/str",{"x()":"playVoiceLine","exArgs":2},"pop","/ev","\n","^<color=#4F86C1>Uhm, cheep cheep?</color> ",{"#":"speaker: Bird"},"\n",{"->":"main"},["done",{"#f":5,"#n":"g-0"}],null],"done",{"main":["ev","str","^Player","/str","str","^holdonasecond","/str",{"x()":"playVoiceLine","exArgs":2},"pop","/ev","\n","^Hold on a second, you can talk?! ",{"#":"speaker: Mabel"},"\n","ev","str","^Bird","/str","str","^yougotme","/str",{"x()":"playVoiceLine","exArgs":2},"pop","/ev","\n","^<color=#4F86C1>Yeah, you got me.</color> ",{"#":"speaker: Bird"},"\n","end",{"#f":1}],"#f":1}],"listDefs":{}}