﻿{"inkVersion":20,"root":[["ev","str","^MotherNature","/str","str","^allrightchild","/str",{"x()":"playVoiceLine","exArgs":2},"pop","/ev","\n","^<color=#005A04>All right child, are you ready to embark on your adventure? </color> ",{"#":"speaker: Mother Nature"},"\n",{"->":"main"},["done",{"#f":5,"#n":"g-0"}],null],"done",{"main":[["ev","str","^Who are you?","/str","/ev",{"*":".^.c-0","flg":4},"ev","str","^Upgrade Weapon","/str","/ev",{"*":".^.c-1","flg":4},"ev","str","^Change Weapon.","/str","/ev",{"*":".^.c-2","flg":4},"ev","str","^No thanks.","/str","/ev",{"*":".^.c-3","flg":4},{"c-0":["\n","ev","str","^Player","/str","str","^firstofall","/str",{"x()":"playVoiceLine","exArgs":2},"pop","/ev","\n","^First of all, who are you!? ",{"#":"speaker: Mabel"},"\n",{"->":".^.^.g-0"},{"#f":5}],"c-1":["\n","ev","str","^MotherNature","/str","str","^upgradewhatweapon","/str",{"x()":"playVoiceLine","exArgs":2},"pop","/ev","\n","^<color=#005A04>What weapon shall I upgrade?</color> ",{"#":"speaker: MotherNature"},"\n",["ev","str","^Branch (","ev",10,"out","/ev","^)","/str","/ev",{"*":".^.c-0","flg":4},"ev","str","^Oak (","ev",20,"out","/ev","^)","/str","/ev",{"*":".^.c-1","flg":4},"ev","str","^Redwood (","ev",30,"out","/ev","^)","/str","/ev",{"*":".^.c-2","flg":4},"ev","str","^Nevermind","/str","/ev",{"*":".^.c-3","flg":4},{"c-0":["\n",["ev",{"VAR?":"canUpgradeBranch"},false,"==","/ev",{"->":".^.b","c":true},{"b":["\n","ev","str","^MotherNature","/str","str","^youalreadyhavethat","/str",{"x()":"playVoiceLine","exArgs":2},"pop","/ev","\n","^<color=#005A04>You already have that upgrade.</color> ",{"#":"speaker: MotherNature"},"\n",{"->":"main"},{"->":".^.^.^.4"},null]}],["ev",{"VAR?":"currentMoney"},10,"<","/ev",{"->":".^.b","c":true},{"b":["\n","ev","str","^MotherNature","/str","str","^imsorry","/str",{"x()":"playVoiceLine","exArgs":2},"pop","/ev","\n","^<color=#005A04>I'm sorry, but you need to collect more acorns.</color> ",{"#":"speaker: MotherNature"},"\n",{"->":"main"},{"->":".^.^.^.4"},null]}],[{"->":".^.b"},{"b":["\n","ev","str","^MotherNature","/str","str","^hereyougo","/str",{"x()":"playVoiceLine","exArgs":2},"pop","/ev","\n","^<color=#005A04>All right, here you go!</color> ",{"#":"speaker: MotherNature"},"\n","ev",false,"/ev",{"VAR=":"canUpgradeBranch","re":true},"ev",0,true,10,{"x()":"weaponSwap","exArgs":3},"pop","/ev","\n",{"->":"main"},{"->":".^.^.^.4"},null]}],"nop","\n",{"->":"main.0.g-0"},{"#f":5}],"c-1":["\n",["ev",{"VAR?":"canUpgradeOak"},false,"==","/ev",{"->":".^.b","c":true},{"b":["\n","ev","str","^MotherNature","/str","str","^youalreadyhavethat","/str",{"x()":"playVoiceLine","exArgs":2},"pop","/ev","\n","^<color=#005A04>You already have that upgrade.</color> ",{"#":"speaker: MotherNature"},"\n",{"->":"main"},{"->":".^.^.^.4"},null]}],["ev",{"VAR?":"currentMoney"},20,"<","/ev",{"->":".^.b","c":true},{"b":["\n","ev","str","^MotherNature","/str","str","^imsorry","/str",{"x()":"playVoiceLine","exArgs":2},"pop","/ev","\n","^<color=#005A04>I'm sorry, but you need to collect more acorns.</color> ",{"#":"speaker: MotherNature"},"\n",{"->":"main"},{"->":".^.^.^.4"},null]}],[{"->":".^.b"},{"b":["\n","ev","str","^MotherNature","/str","str","^hereyougo","/str",{"x()":"playVoiceLine","exArgs":2},"pop","/ev","\n","^<color=#005A04>All right, here you go!</color> ",{"#":"speaker: MotherNature"},"\n","ev",false,"/ev",{"VAR=":"canUpgradeOak","re":true},"ev",1,true,20,{"x()":"weaponSwap","exArgs":3},"pop","/ev","\n",{"->":"main"},{"->":".^.^.^.4"},null]}],"nop","\n",{"->":"main.0.g-0"},{"#f":5}],"c-2":["\n",["ev",{"VAR?":"canUpgradeRedwood"},false,"==","/ev",{"->":".^.b","c":true},{"b":["\n","ev","str","^MotherNature","/str","str","^youalreadyhavethat","/str",{"x()":"playVoiceLine","exArgs":2},"pop","/ev","\n","^<color=#005A04>You already have that upgrade.</color> ",{"#":"speaker: MotherNature"},"\n",{"->":"main"},{"->":".^.^.^.4"},null]}],["ev",{"VAR?":"currentMoney"},30,"<","/ev",{"->":".^.b","c":true},{"b":["\n","ev","str","^MotherNature","/str","str","^imsorry","/str",{"x()":"playVoiceLine","exArgs":2},"pop","/ev","\n","^<color=#005A04>I'm sorry, but you need to collect more acorns.</color> ",{"#":"speaker: MotherNature"},"\n",{"->":"main"},{"->":".^.^.^.4"},null]}],[{"->":".^.b"},{"b":["\n","ev","str","^MotherNature","/str","str","^hereyougo","/str",{"x()":"playVoiceLine","exArgs":2},"pop","/ev","\n","^<color=#005A04>All right, here you go!</color> ",{"#":"speaker: MotherNature"},"\n","ev",false,"/ev",{"VAR=":"canUpgradeRedwood","re":true},"ev",2,true,30,{"x()":"weaponSwap","exArgs":3},"pop","/ev","\n",{"->":"main"},{"->":".^.^.^.4"},null]}],"nop","\n",{"->":"main.0.g-0"},{"#f":5}],"c-3":["\n","ev","str","^MotherNature","/str","str","^allrightchild","/str",{"x()":"playVoiceLine","exArgs":2},"pop","/ev","\n","^<color=#005A04>All right child, are you ready to embark on your adventure? </color> ",{"#":"speaker: Mother Nature"},"\n",{"->":"main"},{"->":"main.0.g-0"},{"#f":5}]}],{"#f":5}],"c-2":["\n",{"->":"WeaponSwap"},{"->":".^.^.g-0"},{"#f":5}],"c-3":["\n","ev","str","^MotherNature","/str","str","^farewell","/str",{"x()":"playVoiceLine","exArgs":2},"pop","/ev","\n","^<color=#005A04>Farewell child.</color> ",{"#":"speaker: MotherNature"},"\n","end",{"->":".^.^.g-0"},{"#f":5}],"g-0":["ev","str","^MotherNature","/str","str","^iunderstandyouhavequestions","/str",{"x()":"playVoiceLine","exArgs":2},"pop","/ev","\n","^<color=#005A04>I understand you have questions but there's no time right now.</color> ",{"#":"speaker: Mother Nature"},"\n","end",{"#f":5}]}],{"#f":1}],"WeaponSwap":[["ev","str","^MotherNature","/str","str","^whatweapon","/str",{"x()":"playVoiceLine","exArgs":2},"pop","/ev","\n","^<color=#005A04>Sure, what weapon would you like?</color> ",{"#":"speaker: Mother Nature"},"\n","ev","str","^Branch","/str","/ev",{"*":".^.c-0","flg":4},"ev","str","^Oak","/str","/ev",{"*":".^.c-1","flg":4},"ev","str","^Redwood","/str","/ev",{"*":".^.c-2","flg":4},"ev","str","^Nevermind","/str","/ev",{"*":".^.c-3","flg":4},{"c-0":["\n","ev","str","^MotherNature","/str","str","^isthateverything","/str",{"x()":"playVoiceLine","exArgs":2},"pop","/ev","\n","ev",0,false,0,{"x()":"weaponSwap","exArgs":3},"pop","/ev","\n","^<color=#005A04>Great, is that everything?</color> ",{"#":"speaker: MotherNature"},"\n",{"->":"main"},{"#f":5}],"c-1":["\n","ev","str","^MotherNature","/str","str","^isthateverything","/str",{"x()":"playVoiceLine","exArgs":2},"pop","/ev","\n","ev",1,false,0,{"x()":"weaponSwap","exArgs":3},"pop","/ev","\n","^<color=#005A04>Great, is that everything?</color> ",{"#":"speaker: MotherNature"},"\n",{"->":"main"},{"#f":5}],"c-2":["\n","ev","str","^MotherNature","/str","str","^isthateverything","/str",{"x()":"playVoiceLine","exArgs":2},"pop","/ev","\n","ev",2,false,0,{"x()":"weaponSwap","exArgs":3},"pop","/ev","\n","^<color=#005A04>Great, is that everything?</color> ",{"#":"speaker: MotherNature"},"\n",{"->":"main"},{"#f":5}],"c-3":["\n","ev","str","^MotherNature","/str","str","^allrightchild","/str",{"x()":"playVoiceLine","exArgs":2},"pop","/ev","\n","^<color=#005A04>All right child, are you ready to embark on your adventure? </color> ",{"#":"speaker: Mother Nature"},"\n",{"->":"main"},{"#f":5}]}],{"#f":1}],"global decl":["ev",0,{"VAR=":"currentMoney"},true,{"VAR=":"canUpgradeBranch"},true,{"VAR=":"canUpgradeOak"},true,{"VAR=":"canUpgradeRedwood"},"/ev","end",null],"#f":1}],"listDefs":{}}